location,keyword,query
石川,演劇,石川 演劇
石川,小劇場,石川 小劇場
石川,舞台,石川 舞台
石川,劇場,石川 劇場
石川,劇団,石川 劇団
石川,公演,石川 公演
石川,上演,石川 上演
石川,観劇,石川 観劇
石川,役者,石川 役者
石川,俳優,石川 俳優
石川,演出,石川 演出
石川,オーディション,石川 オーディション
石川,ワークショップ,石川 ワークショップ
石川,出演者募集,石川 出演者募集
石川,朗読劇,石川 朗読劇
七尾,演劇,七尾 演劇
七尾,小劇場,七尾 小劇場
七尾,舞台,七尾 舞台
七尾,劇場,七尾 劇場
七尾,劇団,七尾 劇団
七尾,公演,七尾 公演
七尾,上演,七尾 上演
七尾,観劇,七尾 観劇
七尾,役者,七尾 役者
七尾,俳優,七尾 俳優
七尾,演出,七尾 演出
七尾,オーディション,七尾 オーディション
七尾,ワークショップ,七尾 ワークショップ
七尾,出演者募集,七尾 出演者募集
七尾,朗読劇,七尾 朗読劇
金沢,演劇,金沢 演劇
金沢,小劇場,金沢 小劇場
金沢,舞台,金沢 舞台
金沢,劇場,金沢 劇場
金沢,劇団,金沢 劇団
金沢,公演,金沢 公演
金沢,上演,金沢 上演
金沢,観劇,金沢 観劇
金沢,役者,金沢 役者
金沢,俳優,金沢 俳優
金沢,演出,金沢 演出
金沢,オーディション,金沢 オーディション
金沢,ワークショップ,金沢 ワークショップ
金沢,出演者募集,金沢 出演者募集
金沢,朗読劇,金沢 朗読劇
白山,演劇,白山 演劇
白山,小劇場,白山 小劇場
白山,舞台,白山 舞台
白山,劇場,白山 劇場
白山,劇団,白山 劇団
白山,公演,白山 公演
白山,上演,白山 上演
白山,観劇,白山 観劇
白山,役者,白山 役者
白山,俳優,白山 俳優
白山,演出,白山 演出
白山,オーディション,白山 オーディション
白山,ワークショップ,白山 ワークショップ
白山,出演者募集,白山 出演者募集
白山,朗読劇,白山 朗読劇
小松,演劇,小松 演劇
小松,小劇場,小松 小劇場
小松,舞台,小松 舞台
小松,劇場,小松 劇場
小松,劇団,小松 劇団
小松,公演,小松 公演
小松,上演,小松 上演
小松,観劇,小松 観劇
小松,役者,小松 役者
小松,俳優,小松 俳優
小松,演出,小松 演出
小松,オーディション,小松 オーディション
小松,ワークショップ,小松 ワークショップ
小松,出演者募集,小松 出演者募集
小松,朗読劇,小松 朗読劇
加賀,演劇,加賀 演劇
加賀,小劇場,加賀 小劇場
加賀,舞台,加賀 舞台
加賀,劇場,加賀 劇場
加賀,劇団,加賀 劇団
加賀,公演,加賀 公演
加賀,上演,加賀 上演
加賀,観劇,加賀 観劇
加賀,役者,加賀 役者
加賀,俳優,加賀 俳優
加賀,演出,加賀 演出
加賀,オーディション,加賀 オーディション
加賀,ワークショップ,加賀 ワークショップ
加賀,出演者募集,加賀 出演者募集
加賀,朗読劇,加賀 朗読劇